{"cameraMode":{"drawMode":0,"name":"Shaded","section":"Shading Mode"},"sceneLighting":true,"audioPlay":false,"sceneViewState":{"m_AlwaysRefresh":false,"showFog":true,"showSkybox":true,"showFlares":true,"showImageEffects":true,"showParticleSystems":true,"showVisualEffectGraphs":true,"m_FxEnabled":true},"in2DMode":false,"pivot":{"x":-115.931884765625,"y":6.974859714508057,"z":-72.48780059814453},"rotation":{"x":0.065940260887146,"y":-0.019160620868206025,"z":0.0012662947410717607,"w":0.9976511597633362},"size":0.15194708108901978,"orthographic":false}